{"portfolio": "[{\"ticker\": \"SPY\", \"position\": 26945, \"marketPrice\": 185.56057927236915, \"averageCost\": 185.56057927236915, \"marketValue\": 4999929.808493987, \"realizedPNL\": 0, \"unrealizedPNL\": 0.0, \"initMarginReq\": 545492.342106694, \"maintMarginReq\": 4959930.370026035, \"costBasis\": 4999929.808493987}]", "stock_transaction_record": "[{\"ticker\": \"SPY\", \"timestamp\": 1433289600, \"transaction_type\": \"Buy\", \"position_purchase\": 26945, \"ticker_open_price\": 185.56057927236915, \"transaction_amount\": 4999929.808493987, \"position\": 26945}]", "deposit_withdraw_cash_record": "[]", "acc_data": "{\"AccountCode\": 0, \"Currency\": \"HKD\", \"ExchangeRate\": 0}", "mkt_value": "{\"TotalCashValue\": -3999929.8084939867, \"NetDividend\": 0, \"NetLiquidation\": 1000000.0, \"UnrealizedPnL\": 0.0, \"RealizedPnL\": 0, \"GrossPositionValue\": 4999929.808493987}", "margin_acc": "{\"FullInitMarginReq\": 545492.342106694, \"FullMaintMarginReq\": 4959930.370026035}", "trading_funds": "{\"AvailableFunds\": 454507.657893306, \"ExcessLiquidity\": -3959930.3700260352, \"BuyingPower\": 3030051.0526220403, \"Leverage\": 4.999929808493987, \"EquityWithLoanValue\": 1000000.0}"}